{
  "assetsByChunkName": {
    "vendors~app-account~app-confirmation~app-order": [
      "chunk.201b381fe86c46b08f7b.js",
      "chunk.201b381fe86c46b08f7b.js.map"
    ],
    "vendors~app-account~app-checkout": [
      "chunk.bfcbe81e7c705fb95d02.js",
      "chunk.bfcbe81e7c705fb95d02.js.map"
    ],
    "vendors~app-cart~app-checkout": [
      "chunk.60f5f53d21522e28834c.js",
      "chunk.60f5f53d21522e28834c.js.map"
    ],
    "admin": [
      "admin.77321c8895eddcbb8bda.js",
      "admin.77321c8895eddcbb8bda.js.map"
    ],
    "app-account": [
      "chunk.9c042a4dfc36f0af401f.js",
      "chunk.9c042a4dfc36f0af401f.js.map"
    ],
    "app-cart": [
      "chunk.3414f52c47d30dbe75f5.js",
      "chunk.3414f52c47d30dbe75f5.js.map"
    ],
    "app-checkout": [
      "chunk.5a31a62d5d55dabcb842.js",
      "chunk.5a31a62d5d55dabcb842.js.map"
    ],
    "app-confirmation": [
      "chunk.5201cc55997f134392d8.js",
      "chunk.5201cc55997f134392d8.js.map"
    ],
    "app-order": [
      "chunk.71bd722a6872d38663f6.js",
      "chunk.71bd722a6872d38663f6.js.map"
    ],
    "checkout": [
      "checkout.a68d9c8d29d78a3092f7.js",
      "checkout.a68d9c8d29d78a3092f7.js.map"
    ],
    "storefront": [
      "storefront.9f55755ebbd238e8f9ea.css",
      "storefront.d11b5c251fec409b6f2b.js",
      "storefront.9f55755ebbd238e8f9ea.css.map",
      "storefront.d11b5c251fec409b6f2b.js.map"
    ]
  }
}